imgs,links
https://cdn.punchng.com/wp-content/uploads/2021/08/17101242/United-Nations-Secretary-General-Antonio-Guterres-255x126.jpg,/
https://cdn.punchng.com/wp-content/uploads/2021/09/02115635/pjimage-41-255x153.jpg,/aljazeera/
https://cdn.punchng.com/wp-content/uploads/2021/09/17173731/International-Literacy-Day-255x126.jpg,/sportinglife/
https://cdn.punchng.com/wp-content/uploads/2018/06/03133714/kaduna1.fw_.png,/
https://cdn.punchng.com/wp-content/uploads/2021/09/17170555/ActionAid-255x126.jpg,/punch/
https://cdn.punchng.com/wp-content/uploads/2021/09/17170330/Solomon-Dalung-255x124.jpg,/sun/
https://cdn.punchng.com/wp-content/uploads/2021/02/09112747/osun-state-map.jpg,/vanguard/
https://cdn.punchng.com/2021/03/Emefiele.jpg,/sahara/
https://cdn.punchng.com/wp-content/uploads/2021/09/05230959/Colonel-Mmady-Doumbouya-Guinean-coup-leader-255x146.jpg,https://punchng.com/un-extends-afghan-mission-mandate-for-six-months/
https://cdn.punchng.com/wp-content/uploads/2020/04/19081005/David-Umahi1.jpg,https://punchng.com/taliban-shuts-women-affairs-ministry-in-afghanistan/
https://cdn.punchng.com/2021/04/Dr-Uyilawa-Okhuaihesuyi-and-Chris-Ngige.jpg,https://punchng.com/nasarawa-marks-international-literacy-day-tasks-students-on-reading-culture/
https://cdn.punchng.com/wp-content/uploads/2021/08/25205943/Runner-255x124.jpg,https://punchng.com/breaking-gunmen-invade-kaduna-community-kill-miyetti-allah-chairman/
https://cdn.punchng.com/wp-content/uploads/2021/05/14062848/Muhammadu-Buhari-255x143.jpg,https://punchng.com/actionaid-trains-500-nasarawa-youths-on-peace-building-conflict-resolution/
https://cdn.punchng.com/wp-content/uploads/2021/07/22135539/Sunday-Igboho2--255x143.jpg,https://punchng.com/fani-kayode-its-shameful-buhari-recruited-a-political-liability-who-called-him-criminal-ex-minister-dalung/
https://cdn.punchng.com/wp-content/uploads/2021/07/18201238/Edo-State-255x137.jpg,https://punchng.com/osun-people-with-disabilities-demand-job-placement/
https://cdn.punchng.com/wp-content/uploads/2021/09/17141110/FFK-Umahi-255x153.jpg,https://punchng.com/breaking-cbn-retains-lending-rate-at-11-5-3/
https://cdn.punchng.com/wp-content/uploads/2021/01/22200857/Igboho.jpg,https://punchng.com/west-african-leaders-to-meet-guinea-junta/
https://cdn.punchng.com/wp-content/uploads/2019/05/20150006/EFCC-officials.png,https://punchng.com/umahi-to-southern-govs-be-your-brothers-keeper-ebonyi-wont-implement-vat-collection/
https://cdn.punchng.com/wp-content/uploads/2021/03/16192327/EFCC-Chairman-Abdulraheed-Bawa.jpg,https://punchng.com/breaking-industrial-court-orders-resident-doctors-to-call-off-strike/
https://cdn.punchng.com/wp-content/uploads/2021/08/22020649/COVID-19-mutation-255x147.jpg,https://punchng.com/tokyo-marathon-postponed-till-march-2022/
https://cdn.punchng.com/wp-content/uploads/2020/05/30220906/COVID-19-VACCINE.jpg,https://punchng.com/buhari-has-been-caged-says-northern-youth-group/
https://cdn.punchng.com/wp-content/uploads/2016/11/02234200/Akinwunmi-Adesina.jpg,https://punchng.com/breaking-court-awards-n20bn-damages-against-dss-for-raiding-igbohos-house/
https://cdn.punchng.com/wp-content/uploads/2021/07/27144354/Sunday-Igboho-at-Benin-court-copy-255x143.png,https://punchng.com/edo-community-to-benefit-from-tuition-free-school/
https://cdn.punchng.com/wp-content/uploads/2021/09/17091012/Residents-fleeing-the-scene-255x126.jpg,https://punchng.com/fani-kayode-lied-played-no-role-in-my-defection-to-apc-says-umahi/
https://cdn.punchng.com/wp-content/uploads/2021/09/01191401/Muhammadu-Buhari-retd.-255x143.jpg,https://punchng.com/breaking-n20bn-dss-must-pay-ilana-oodua-celebrates-igbohos-triumph/
https://cdn.punchng.com/wp-content/uploads/2021/09/15210710/Speaker-of-the-House-of-Representatives-Femi-Gbajabiamila-255x143.jpg,https://punchng.com/tension-in-enugu-as-efcc-operatives-allegedly-attack-members-of-nans-other-youth-councils/
,https://punchng.com/nigerians-will-know-terrorism-financiers-at-the-right-time-efcc-chair-bawa/
,https://punchng.com/africa-faces-470m-covid-19-vaccine-shortfall-in-2021-who/
,https://punchng.com/covid-19-vaccines-administered-in-ekiti-healthy-commissioner/
,https://punchng.com/afdb-approves-1m-for-modernisation-of-africas-hydropower-fleet/
,https://punchng.com/sunday-igboho-against-yoruba-nation-protest-for-now-lawyer/
,https://punchng.com/breaking-one-dead-many-injured-as-delta-community-marks-annual-festival/
,https://punchng.com/crisis-hits-arewa-group-over-attack-on-buharis-economic-policies/
,https://punchng.com/reps-target-60-oil-benchmark-review-fuel-subsidy-expenditure/
,https://github.com/collinsanele
